{"add": {"redispatch": [0.0, 0.0, 0.0, 0.0, 0.0, 0.0, 0.0, 0.0, 0.0, 0.0, 0.0, 0.0, 0.0, 0.0, 0.0, 0.0, 0.0, 0.0, 0.0, 0.0], "set_storage": [0.0, 0.0, 0.0, 0.0, 0.0, 0.0, 0.0]}, "multiply": {"redispatch": [0.2857142857142857, 0.11764705882352941, 0.08928571580624096, 0.08928571580624096, 0.2857142857142857, 0.08928571580624096, 0.11764705882352941, 0.18867923849288515, 0.18867923849288515, 0.2857142857142857, 0.10101010490225223, 0.08928571580624096, 0.17543860236179962, 0.08928571580624096, 0.08928571580624096, 0.11764705882352941, 0.08928571580624096, 0.18867923849288515, 0.18867923849288515, 0.17543860236179962], "set_storage": [0.08333333333333333, 0.08333333333333333, 0.08333333333333333, 0.08333333333333333, 0.08333333333333333, 0.08333333333333333, 0.08333333333333333]}}